,ARIMA,BVAR,MS-VAR,MS-VECM,Naive,VECM,XGBoost
ARIMA,,0.010058227115541385,1.2487752525380813e-06,1.3098749289675027e-06,0.010490145693117459,2.6574657738809293e-05,0.0017201530307899837
BVAR,0.010058227115541385,,3.0902493515228002e-06,3.225750400570604e-06,0.2097238333966147,6.874012803415042e-08,0.00019601861882789784
MS-VAR,1.2487752525380813e-06,3.0902493515228002e-06,,0.4313887779829444,2.6927493683714943e-06,8.449942425770018e-07,0.00037575447669424555
MS-VECM,1.3098749289675027e-06,3.225750400570604e-06,0.4313887779829444,,2.806041719649599e-06,8.715500485756422e-07,0.00045570635122316183
Naive,0.010490145693117459,0.2097238333966147,2.6927493683714943e-06,2.806041719649599e-06,,4.173622554226597e-07,0.00026478877993740824
VECM,2.6574657738809293e-05,6.874012803415042e-08,8.449942425770018e-07,8.715500485756422e-07,4.173622554226597e-07,,5.710965045091498e-06
XGBoost,0.0017201530307899837,0.00019601861882789784,0.00037575447669424555,0.00045570635122316183,0.00026478877993740824,5.710965045091498e-06,
