,ARIMA,BVAR,MS-VAR,MS-VECM,Naive,VECM,XGBoost
ARIMA,,-2.7762556842650152,6.264536931180041,6.24583457469437,-2.758423999543568,-5.089005953472392,3.4944817798622827
BVAR,2.7762556842650152,,5.911977853679206,5.895387527962903,1.2861586325700571,-7.429918158828898,4.331665570756721
MS-VAR,-6.264536931180041,-5.911977853679206,,-0.7992467144876841,-5.9652695761429175,-6.417987419334808,-4.083659932345707
MS-VECM,-6.24583457469437,-5.895387527962903,0.7992467144876841,,-5.949308701577665,-6.405795580331124,-4.009800727446544
Naive,2.758423999543568,-1.2861586325700571,5.9652695761429175,5.949308701577665,,-6.697650170323099,4.217241848998707
VECM,5.089005953472392,7.429918158828898,6.417987419334808,6.405795580331124,6.697650170323099,,5.675367456496029
XGBoost,-3.4944817798622827,-4.331665570756721,4.083659932345707,4.009800727446544,-4.217241848998707,-5.675367456496029,
