Model,RMSE,MAE,MSE,In_MCS,MCS_Rank,Elim_p_value,Rank
MS-VAR,315.24487674590387,218.28169305684952,99379.33231454011,True,,,1
MS-VECM,323.40454920365477,226.0533937185298,104590.50244561917,True,,,2
XGBoost,886.1322330488664,690.4889368127893,785230.3344481704,False,5.0,0.009,3
ARIMA,1249.8610855014506,1105.2029582356054,1562152.7330508644,False,4.0,0.0,4
Naive,1350.8071814239772,1180.5794522485394,1824680.0413865899,False,3.0,0.0,5
BVAR,1359.5617455191311,1190.9719001096005,1848408.1398790265,False,2.0,0.0,6
VECM,1556.3436578458402,1393.163120527872,2422205.58131697,False,1.0,0.0,7
