{
  "weights": {
    "ARIMA": 0.14285714285714285,
    "BVAR": 0.14285714285714285,
    "MS-VAR": 0.14285714285714285,
    "MS-VECM": 0.14285714285714285,
    "Naive": 0.14285714285714285,
    "VECM": 0.14285714285714285,
    "XGBoost": 0.14285714285714285
  },
  "mse": 857709.2567122047,
  "r_squared": 0.5429437148278252,
  "n_obs": 27,
  "constrained": true
}