year,reserves_usd_m_actual,inflation_actual,reserves_usd_m_est,inflation_est,inflation_error_pct
2020,7884.0,9.89,7933.333333333333,9.695833333333333,-1.9632625547691376
2021,9917.0,9.97,9387.5,9.5875,-3.8365095285857596
2022,5205.0,31.26,7275.0,32.11666666666667,2.740456387289397
2023,3624.0,38.11,5570.833333333333,39.166666666666664,2.772675588209564
2024,,22.85,6922.666666666667,23.041666666666668,0.8388037928519319
