year,reserves_usd_m_actual,inflation_actual,reserves_usd_m_est,inflation_est,reserves_error_pct,inflation_error_pct
2020,18522,9.74,12666.666666666666,8.35,-31.612856782924815,-14.271047227926084
2021,22812,9.5,17233.333333333332,8.416666666666666,-24.45496522298206,-11.40350877192983
2022,9927,19.87,9666.666666666666,19.279166666666665,-2.622477418488304,-2.973494380137574
2023,13730,30.77,5387.5,30.025000000000002,-60.76110706482156,-2.4211894702632355
2024,18408,12.63,8987.5,14.808333333333332,-51.17611907866145,17.247294800738963
