{
  "baseline": {
    "n_regimes": 2,
    "init_scheme": "vol_threshold",
    "converged": true,
    "loglik": -5762.6989034851,
    "bic": 12009.56530434945,
    "p_00": 0.9825306125959486,
    "p_11": 0.9430806897281455,
    "duration_regime_0": 57.24299180451448,
    "duration_regime_1": 17.568730106247983,
    "mean_max_probability": 0.9968924209445971,
    "mean_entropy": 0.011856861143882383,
    "share_max_prob_ge_0_9": 0.9948186528497409
  },
  "regime_count_summary": [
    {
      "n_regimes": 1,
      "runs": 1,
      "success_rate": 1.0,
      "convergence_rate": 1.0,
      "loglik_median": -5926.010500839296,
      "loglik_p05": -5926.010500839296,
      "loglik_p95": -5926.010500839296,
      "bic_median": 12088.842060179311,
      "bic_p05": 12088.842060179311,
      "bic_p95": 12088.842060179311,
      "mean_max_probability_median": 1.0,
      "mean_max_probability_p05": 1.0,
      "mean_max_probability_p95": 1.0,
      "mean_entropy_median": 0.0,
      "mean_entropy_p05": 0.0,
      "mean_entropy_p95": 0.0,
      "shortest_duration_months_median": Infinity,
      "shortest_duration_months_p05": NaN,
      "shortest_duration_months_p95": NaN,
      "smallest_regime_share_median": 1.0,
      "smallest_regime_share_p05": 1.0,
      "smallest_regime_share_p95": 1.0,
      "share_short_duration_lt_6": 0.0
    },
    {
      "n_regimes": 2,
      "runs": 48,
      "success_rate": 1.0,
      "convergence_rate": 1.0,
      "loglik_median": -5711.944107086347,
      "loglik_p05": -5806.004338104981,
      "loglik_p95": -5558.8927181584695,
      "bic_median": 11908.05571155194,
      "bic_p05": 11601.952933696188,
      "bic_p95": 12096.17617358921,
      "mean_max_probability_median": 0.9964839139280588,
      "mean_max_probability_p05": 0.9913946333595898,
      "mean_max_probability_p95": 0.999982217199218,
      "mean_entropy_median": 0.009986766269108462,
      "mean_entropy_p05": 0.00015099561803000812,
      "mean_entropy_p95": 0.023279584579867837,
      "shortest_duration_months_median": 13.248511069329929,
      "shortest_duration_months_p05": 10.566222884464198,
      "shortest_duration_months_p95": 23.53155938226999,
      "smallest_regime_share_median": 0.2849740932642487,
      "smallest_regime_share_p05": 0.27461139896373055,
      "smallest_regime_share_p95": 0.34844559585492224,
      "share_short_duration_lt_6": 0.0
    },
    {
      "n_regimes": 3,
      "runs": 40,
      "success_rate": 1.0,
      "convergence_rate": 1.0,
      "loglik_median": -5490.627844471154,
      "loglik_p05": -5768.030603197022,
      "loglik_p95": -5406.891872537192,
      "bic_median": 11723.295005577898,
      "bic_p05": 11555.823061709974,
      "bic_p95": 12278.100523029632,
      "mean_max_probability_median": 0.9787919269105385,
      "mean_max_probability_p05": 0.9487962505623638,
      "mean_max_probability_p95": 0.999978246329428,
      "mean_entropy_median": 0.05898214999528732,
      "mean_entropy_p05": 0.00018454160113647426,
      "mean_entropy_p95": 0.12191249364488796,
      "shortest_duration_months_median": 2.0333341059471155,
      "shortest_duration_months_p05": 1.1678737453522532,
      "shortest_duration_months_p95": 3.627175653013861,
      "smallest_regime_share_median": 0.15544041450777202,
      "smallest_regime_share_p05": 0.025129533678756477,
      "smallest_regime_share_p95": 0.27461139896373055,
      "share_short_duration_lt_6": 0.95
    }
  ],
  "init_scheme_summary": [
    {
      "init_scheme": "random_blocks",
      "runs": 8,
      "success_rate": 1.0,
      "convergence_rate": 1.0,
      "loglik_median": -5558.892718158504,
      "loglik_p05": -5790.63509011995,
      "loglik_p95": -5558.892718158489,
      "p_00_median": 0.9784164223963807,
      "p_00_p05": 0.9720155840515255,
      "p_00_p95": 0.9871439059316334,
      "p_11_median": 0.9245198200182525,
      "p_11_p05": 0.9120652558203275,
      "p_11_p95": 0.9528286770538135,
      "duration_regime_0_median": 46.3315219730908,
      "duration_regime_0_p05": 35.89963588400914,
      "duration_regime_0_p95": 95.90531943339909,
      "duration_regime_1_median": 13.248511069287574,
      "duration_regime_1_p05": 11.505034690234918,
      "duration_regime_1_p95": 22.858092786867534,
      "mean_max_probability_median": 0.9999822171989602,
      "mean_max_probability_p05": 0.9955771809223383,
      "mean_max_probability_p95": 0.9999822171990799,
      "prob_corr_to_baseline_median": 0.8880470292303289,
      "prob_corr_to_baseline_p05": 0.8880470292302798,
      "prob_corr_to_baseline_p95": 0.9348818150760989,
      "share_short_duration_lt_6": 0.0,
      "init_scheme_label": "Random block states"
    },
    {
      "init_scheme": "zeros",
      "runs": 8,
      "success_rate": 1.0,
      "convergence_rate": 1.0,
      "loglik_median": -5558.892718158515,
      "loglik_p05": -5558.892718158537,
      "loglik_p95": -5558.892718156356,
      "p_00_median": 0.9784164223963837,
      "p_00_p05": 0.9784164223961537,
      "p_00_p95": 0.9784164223963958,
      "p_11_median": 0.9245198200182172,
      "p_11_p05": 0.9245198200181738,
      "p_11_p95": 0.9245198200230719,
      "duration_regime_0_median": 46.33152197309735,
      "duration_regime_0_p05": 46.331521972603525,
      "duration_regime_0_p95": 46.33152197312323,
      "duration_regime_1_median": 13.248511069281367,
      "duration_regime_1_p05": 13.248511069273746,
      "duration_regime_1_p95": 13.248511070133475,
      "mean_max_probability_median": 0.999982217198889,
      "mean_max_probability_p05": 0.9999822171987095,
      "mean_max_probability_p95": 0.9999822172143296,
      "prob_corr_to_baseline_median": 0.8880470292304377,
      "prob_corr_to_baseline_p05": 0.8880470292302313,
      "prob_corr_to_baseline_p95": 0.8880470292387501,
      "share_short_duration_lt_6": 0.0,
      "init_scheme_label": "All-zero states"
    },
    {
      "init_scheme": "quantile_bins",
      "runs": 8,
      "success_rate": 1.0,
      "convergence_rate": 1.0,
      "loglik_median": -5661.795974550806,
      "loglik_p05": -5661.796000224042,
      "loglik_p95": -5661.795970266775,
      "p_00_median": 0.9706509222721267,
      "p_00_p05": 0.9706509198802542,
      "p_00_p95": 0.970650936606075,
      "p_11_median": 0.9053589467629737,
      "p_11_p05": 0.9053588843793171,
      "p_11_p95": 0.9053589571727856,
      "duration_regime_0_median": 34.0726209277194,
      "duration_regime_0_p05": 34.07261815089086,
      "duration_regime_0_p95": 34.07263756863168,
      "duration_regime_1_median": 10.566239129815333,
      "duration_regime_1_p05": 10.566232164971025,
      "duration_regime_1_p95": 10.566240292023132,
      "mean_max_probability_median": 0.9968171483004147,
      "mean_max_probability_p05": 0.9968169337237217,
      "mean_max_probability_p95": 0.9968171841063349,
      "prob_corr_to_baseline_median": 0.9112904785244564,
      "prob_corr_to_baseline_p05": 0.911290362682545,
      "prob_corr_to_baseline_p95": 0.911291172726446,
      "share_short_duration_lt_6": 0.0,
      "init_scheme_label": "Rolling-vol quantiles"
    },
    {
      "init_scheme": "vol_threshold",
      "runs": 8,
      "success_rate": 1.0,
      "convergence_rate": 1.0,
      "loglik_median": -5762.092178992934,
      "loglik_p05": -5762.092189808603,
      "loglik_p95": -5762.0921645396575,
      "p_00_median": 0.9745498628107125,
      "p_00_p05": 0.9745496388179199,
      "p_00_p95": 0.9745502382831467,
      "p_11_median": 0.9339823399422306,
      "p_11_p05": 0.9339818985790981,
      "p_11_p95": 0.9339830842022905,
      "duration_regime_0_median": 39.292519037221595,
      "duration_regime_0_p05": 39.29217321715988,
      "duration_regime_0_p95": 39.29309873808344,
      "duration_regime_1_median": 15.147462044713048,
      "duration_regime_1_p05": 15.14736077651842,
      "duration_regime_1_p95": 15.147632813760087,
      "mean_max_probability_median": 0.9961504911740935,
      "mean_max_probability_p05": 0.9961497558054995,