{
  "n_regimes": 2,
  "ar_order": 1,
  "max_iter": 200,
  "tol": 0.0001,
  "converged": true,
  "n_iter": 51,
  "loglik": -5762.6989034851,
  "loglik_path": [
    -5881.685777752067,
    -5858.097662995342,
    -5829.94982486351,
    -5818.065662309131,
    -5814.495258367394,
    -5813.423274660839,
    -5813.351817327563,
    -5813.595694413289,
    -5813.850764503564,
    -5813.743403057999,
    -5813.2834664111015,
    -5812.626502519461,
    -5810.356175392129,
    -5807.716418249789,
    -5805.924105178503,
    -5802.998938688328,
    -5798.959275292608,
    -5794.568831522387,
    -5791.751114721665,
    -5783.9270194893925,
    -5771.58493355419,
    -5770.507812585783,
    -5770.587071806256,
    -5770.657085399522,
    -5770.700943153374,
    -5770.726267807117,
    -5770.742834112986,
    -5770.755761582698,
    -5770.767226016402,
    -5770.778214363587,
    -5770.789264030875,
    -5770.800744393041,
    -5770.812967774747,
    -5770.826220930094,
    -5770.840713986028,
    -5770.856301716587,
    -5770.87110511145,
    -5770.870055155545,
    -5770.588599740839,
    -5766.289766428448,
    -5763.682514710466,
    -5763.55845083602,
    -5763.318585619855,
    -5762.9776265715645,
    -5762.768436326865,
    -5762.712811490753,
    -5762.702089619259,
    -5762.699752415027,
    -5762.6991366345355,
    -5762.698957585542,
    -5762.6989034851
  ],
  "init_states_summary": {
    "provided": true,
    "n_obs": 193,
    "regime_counts": {
      "0": 144,
      "1": 49
    },
    "regime_shares": {
      "0": 0.7461139896373057,
      "1": 0.2538860103626943
    }
  },
  "aligned_regime_order": [
    1,
    0
  ],
  "aligned_transition_matrix": [
    [
      0.9825306125959486,
      0.01746938740405131
    ],
    [
      0.05691931027185454,
      0.9430806897281455
    ]
  ],
  "aligned_stationary_shares": [
    0.7651607307314162,
    0.23483926926858378
  ],
  "certainty": {
    "n_obs": 193,
    "mean_max_probability": 0.9968924209445971,
    "median_max_probability": 0.9999999645382328,
    "share_max_prob_ge_0_6": 1.0,
    "share_max_prob_ge_0_7": 1.0,
    "share_max_prob_ge_0_8": 1.0,
    "share_max_prob_ge_0_9": 0.9948186528497409,
    "mean_entropy": 0.011856861143882383,
    "mean_normalized_entropy": 0.017105834772788157,
    "regime_assignment_counts": {
      "0": 135,
      "1": 58
    },
    "regime_assignment_shares": {
      "0": 0.6994818652849741,
      "1": 0.3005181347150259
    },
    "average_regime_probabilities": {
      "0": 0.696882049828313,
      "1": 0.3031179501716871
    }
  },
  "aic": 11709.3978069702,
  "bic": 12009.56530434945,
  "init_state_method": {
    "method": "rolling_vol_threshold",
    "threshold": 609.0122909548713,
    "n_regimes": 2
  },
  "varset": "bop",
  "fit_split": "full",
  "fit_start": null,
  "fit_end": null,
  "train_end": "2019-12-01",
  "valid_end": "2022-12-01",
  "n_levels_obs": 195,
  "n_diff_obs": 194,
  "n_smoothed_obs": 193,
  "target_col": "gross_reserves_usd_m",
  "system_cols": [
    "gross_reserves_usd_m",
    "exports_usd_m",
    "imports_usd_m",
    "remittances_usd_m",
    "tourism_usd_m"
  ],
  "selected_init_scheme": "vol_threshold"
}