regime,persistence_probability,expected_duration_months
0,0.9825306125959486,57.24299180451448
1,0.9430806897281455,17.568730106247983
