from_regime,to_regime,transition_probability
0,0,0.9825306125959486
0,1,0.01746938740405131
1,0,0.05691931027185454
1,1,0.9430806897281455
