{
  "ARIMA": {
    "mean_weight": 0.012307182244410958,
    "std_weight": 0.026473896346926033,
    "median_weight": 4.486765692472771e-19,
    "max_weight": 0.07142857142857142,
    "min_weight": 3.853965460743048e-61
  },
  "MS-VAR": {
    "mean_weight": 0.015251346999578277,
    "std_weight": 0.032463871857094186,
    "median_weight": 9.372448443775561e-16,
    "max_weight": 0.17509188720740698,
    "min_weight": 4.925379934392259e-59
  },
  "MS-VECM": {
    "mean_weight": 0.02118107446393822,
    "std_weight": 0.03761457588099673,
    "median_weight": 1.6070812680392095e-14,
    "max_weight": 0.20058052871747126,
    "min_weight": 1.9939364679649583e-57
  },
  "Naive": {
    "mean_weight": 0.2398458757277781,
    "std_weight": 0.3384233372919098,
    "median_weight": 0.07142857142857142,
    "max_weight": 0.9990506784020688,
    "min_weight": 1.6869964550874749e-44
  },
  "VECM": {
    "mean_weight": 0.012120724123220426,
    "std_weight": 0.026543827209348746,
    "median_weight": 2.2714291292535116e-43,
    "max_weight": 0.07142857142857142,
    "min_weight": 6.753398734998184e-116
  },
  "BVAR_par": {
    "mean_weight": 0.061208383709095905,
    "std_weight": 0.09540740234042298,
    "median_weight": 0.00012293585744608155,
    "max_weight": 0.3579974217590248,
    "min_weight": 7.966199154578573e-47
  },
  "BVAR_bop": {
    "mean_weight": 0.023382997721418303,
    "std_weight": 0.03511895842433128,
    "median_weight": 1.3533358243730263e-05,
    "max_weight": 0.17752599240988212,
    "min_weight": 4.919040769834632e-48
  },
  "BVAR_mon": {
    "mean_weight": 0.3109815615751271,
    "std_weight": 0.3389210005469557,
    "median_weight": 0.09092486535204396,
    "max_weight": 0.8008157119521062,
    "min_weight": 1.2866521310310997e-116
  },
  "BVAR_ful": {
    "mean_weight": 0.24404681791577662,
    "std_weight": 0.28688628870220906,
    "median_weight": 0.1705106056235285,
    "max_weight": 0.9998749664901324,
    "min_weight": 0.000940361971089179
  },
  "EqualWeight": {
    "mean_weight": 0.011934629397560268,
    "std_weight": 0.0266076620208323,
    "median_weight": 1.2665943148192194e-72,
    "max_weight": 0.07142857142857142,
    "min_weight": 1.2434006088424246e-204
  },
  "MSE-Weight": {
    "mean_weight": 0.011947722194478736,
    "std_weight": 0.02660302707204395,
    "median_weight": 2.8824006732426504e-50,
    "max_weight": 0.07142857142857142,
    "min_weight": 2.540434069767834e-93
  },
  "GR-Convex": {
    "mean_weight": 0.011934629397560268,
    "std_weight": 0.0266076620208323,
    "median_weight": 1.266594314819172e-72,
    "max_weight": 0.07142857142857142,
    "min_weight": 1.2434006088423441e-204
  },
  "TrimmedMean": {
    "mean_weight": 0.011928410811192738,
    "std_weight": 0.026610009388827342,
    "median_weight": 7.643279559832483e-76,
    "max_weight": 0.07142857142857142,
    "min_weight": 1.910096058544377e-217
  },
  "Median": {
    "mean_weight": 0.01192864371886384,
    "std_weight": 0.026609917376993954,
    "median_weight": 5.592432002757148e-76,
    "max_weight": 0.07142857142857142,
    "min_weight": 8.93441589064763e-215
  }
}