Model,Mean_CRPS,Mean_LogScore,Coverage_90,Coverage_95,PIT_Chi2_pvalue
ARIMA,1916.5407296139942,20.309449092458433,0.15384615384615385,0.15384615384615385,
BVAR,1772.656703241792,16.504375771967194,0.07692307692307693,0.15384615384615385,
LocalLevelSV,1505.8313528278484,14.450193629553926,0.15384615384615385,0.15384615384615385,
MS-VAR,441.31876602443265,9.523593313385314,0.9230769230769231,0.9230769230769231,
MS-VECM,455.86302772086617,9.767490501241964,0.9230769230769231,0.9230769230769231,
Naive,916.8073353290185,10.29441534750412,0.23076923076923078,0.38461538461538464,
VECM,5308.727025728698,91.36266856967362,0.07692307692307693,0.07692307692307693,
XGBoost,235.1478506965192,252.18316707518528,0.07692307692307693,0.07692307692307693,
