{
  "exp_almon": {
    "theta": [
      -1.397331891152973,
      0.046977130222737785
    ],
    "intercept": 2694.8139693052835,
    "hf_coefs": [
      -94478.54289299961,
      -94873.24800801228,
      -75775.30175696853,
      -53518.676648512235
    ],
    "ar_coefs": null
  },
  "beta": {
    "theta": [
      0.8115929811533082,
      6.0413225189464965
    ],
    "intercept": 2621.052740232501,
    "hf_coefs": [
      -104018.77980884405,
      -105497.14946527006,
      -84509.65760175859,
      -65678.81079759695
    ],
    "ar_coefs": null
  },
  "midas_ar": {
    "theta": [
      -1.6463928994622714,
      0.06939677734702307
    ],
    "intercept": 51.391899920842164,
    "hf_coefs": [
      -36691.23981999856,
      -15816.355390481887,
      -1209.2530896569963,
      -29601.477260564843
    ],
    "ar_coefs": [
      0.9608944673178741
    ]
  }
}