segment,n_obs,std_cancellation_index,lag1_autocorrelation,rolling_window,rolling_mean_min,rolling_mean_max,trend_per_year,trend_p_value
all,195,0.04623179420079864,0.2632044038057839,12,0.028059823669000516,0.11709196755869299,0.0013276016933568779,0.12741297043409006
crisis,46,0.056722821991098495,0.05453177668610182,12,0.04551481503150928,0.08769428363219618,-0.0006717625780106197,0.9356551387920885
tranquil,149,0.04209122448688376,0.3557511623612259,12,0.028059823669000516,0.11709196755869299,0.0008596249611895706,0.45563990552276135
