segment,n_obs,mean_cancellation_index,median_cancellation_index,std_cancellation_index,p10_cancellation_index,p90_cancellation_index,share_cancellation_index_lt_0_05,share_cancellation_index_lt_0_10,mean_info_loss_potential
all,195,0.06245615563403815,0.052737905503097905,0.04623179420079864,0.011125115572488922,0.12311656393353684,0.48205128205128206,0.7846153846153846,0.9375438443659618
crisis,46,0.07373445851432421,0.05611217426420396,0.056722821991098495,0.00831917143611461,0.13070456233685152,0.43478260869565216,0.6739130434782609,0.9262655414856759
tranquil,149,0.058974263469654536,0.05008768750910954,0.04209122448688376,0.0113018935216965,0.11738296829962447,0.4966442953020134,0.8187919463087249,0.9410257365303456
