split,horizon,n_forecasts,mae,rmse,mase,bias,coverage_80,varset
validation,1,36,524.2768981907951,678.0033317816982,1.26834661503797,-310.5404446063767,0.6111111111111112,parsimonious
validation,3,36,749.8988051723869,935.7501896724299,1.8343371206782522,-598.8854624961227,0.6666666666666666,parsimonious
validation,6,36,1264.9595012232487,1526.7760621003313,3.155011890554922,-881.4215714747412,0.5833333333333334,parsimonious
validation,12,36,2283.1668390867417,2571.7831386305343,6.653510587468777,-1307.6753600289953,0.5277777777777778,parsimonious
test,1,26,426.99944202517116,510.0360772899031,1.872147676364307,341.16680364219235,0.8076923076923077,parsimonious
test,3,24,739.7168414984504,860.6126558325725,3.2971874717954184,684.1785480522607,0.8333333333333334,parsimonious
test,6,21,1224.4537811300445,1321.113156367018,5.892462854331302,1224.4537811300445,0.7142857142857143,parsimonious
test,12,15,2449.473916080937,2483.051661823245,11.526936075674998,2449.473916080937,0.26666666666666666,parsimonious
