{
  "hyperparameters": {
    "n_lags": 4,
    "lambda1": 0.2,
    "lambda3": 1.0,
    "lambda_const": 100.0,
    "n_draws": 5000,
    "n_burn": 1000
  },
  "coefficient_means": [
    [
      0.8608739999893161,
      4.265025395404432,
      1.228925751502672,
      1.7664535579130818
    ],
    [
      0.7861401632116621,
      0.02345708866053301,
      0.025786224861976376,
      0.008222295288796342
    ],
    [
      0.19473500736994004,
      0.4558110840713666,
      -0.01199040233916065,
      -0.015265135471350994
    ],
    [
      0.07934710737641576,
      -0.0010778533532302798,
      0.4894030354150515,
      -0.07351394836828379
    ],
    [
      0.02940345270253036,
      -0.1513398983751461,
      -0.022472504164368478,
      0.5548956829909955
    ],
    [
      0.1673953616621335,
      0.012867514108565632,
      -0.0022882647306537328,
      -0.01716827937898671
    ],
    [
      0.015709041344248158,
      0.07905252844468999,
      0.1177064299481696,
      -0.04424754698254477
    ],
    [
      0.02198645447098804,
      0.08256838110385924,
      0.20207341431065423,
      0.09898872166374427
    ],
    [
      -0.0037965350705240217,
      0.09644154875280779,
      0.02444919728538468,
      0.1241310798316639
    ],
    [
      -0.01300692398418101,
      0.01385780383791767,
      0.015397749890476134,
      0.010936704801315445
    ],
    [
      0.021150418192106873,
      0.09011047503860282,
      0.041569828997783574,
      0.04343104617011833
    ],
    [
      0.01348029370074925,
      0.008732163756241107,
      0.06508469302359911,
      -0.008826998241342185
    ],
    [
      0.010513209155154569,
      0.061962840330488995,
      0.0349327027943344,
      0.10557837962144938
    ],
    [
      0.0034350064504489325,
      -0.025440002005116584,
      -0.007629848362033019,
      0.0035744639010213183
    ],
    [
      0.007038651657418347,
      0.02100527817788371,
      0.01796128013722356,
      0.06830962855860218
    ],
    [
      0.002264909621343784,
      -0.006545748227912121,
      0.005691807329624197,
      -0.006886774917725511
    ],
    [
      0.0015824434615005782,
      -0.0001667156224384795,
      -0.006434617964350943,
      0.02937904117873909
    ]
  ],
  "coefficient_stds": [
    [
      0.10281026695162829,
      0.5575010670824884,
      0.1370104294658382,
      0.2575777447550312
    ],
    [
      0.010984977786728226,
      0.00022391839479115108,
      0.0008140975689081226,
      0.0001985006817486503
    ],
    [
      0.01835487699425656,
      0.014889202927255863,
      0.0013755706773093035,
      0.0015476163982402163
    ],
    [
      0.0005993729697874816,
      0.0015020120616495737,
      0.018976905837895044,
      0.0011480582065539256
    ],
    [
      0.00043676954211273853,
      0.009838045577593038,
      0.00210190612607843,
      0.017909919601777867
    ],
    [
      0.01168332401040254,
      0.0003575128793893094,
      0.0004946984207270925,
      0.00021411432815915708
    ],
    [
      0.0012311633474610065,
      0.004522885071994663,
      0.007765084804983123,
      0.003003085689584435
    ],
    [
      0.0008317651242000849,
      0.000872787129901748,
      0.01117982614764359,
      0.000665944177790121
    ],
    [
      0.0011881967766443917,
      0.0063191869489884755,
      0.0010863935882072073,
      0.00822955887142058
    ],
    [
      0.00264226458544769,
      0.00023846676601191826,
      0.00026182444330889244,
      0.0004818466377404781
    ],
    [
      0.002113709709678756,
      0.007194702958759781,
      0.003815031663024141,
      0.0008957067387375255
    ],
    [
      0.0006967357167352605,
      0.0006395233927330733,
      0.005433613466984007,
      0.0007534422457152704
    ],
    [
      0.00094545193196792,
      0.0062342492777131865,
      0.0033055109707879537,
      0.008103903627180477
    ],
    [
      0.0010748086372469963,
      0.0004276763975828166,
      0.0006218576661615272,
      0.000285243947589386
    ],
    [
      0.0006977421054212225,
      0.0021774518770425444,
      0.0016417076551427613,
      0.004200686324605459
    ],
    [
      0.00023378404655902693,
      0.0016837357599335343,
      0.0007767082121242486,
      0.0015146615702296693
    ],
    [
      0.00011001945648945098,
      0.00055237210768288,
      0.0012519833346045582,
      0.002348926355009581
    ]
  ],
  "sigma_mean": [
    [
      296490.3883291022,
      -1557.791390182781,
      -3388.9750914076494,
      436.9220047862717
    ],
    [
      -1557.791390182781,
      8293.506754159835,
      3481.892326501078,
      1691.364055839505
    ],
    [
      -3388.9750914076494,
      3481.892326501078,
      21828.66504282543,
      2552.183011267554
    ],
    [
      436.9220047862717,
      1691.364055839505,
      2552.183011267554,
      2315.135619537835
    ]
  ],
  "variable_names": [
    "gross_reserves_usd_m",
    "exports_usd_m",
    "imports_usd_m",
    "remittances_usd_m"
  ],
  "convergence": {
    "converged": true,
    "rhat_max": 1.001106221226807,
    "rhat_mean": 0.9999406231492725,
    "ess_min": 3083.3016824560877,
    "ess_mean": 4249.706297174518
  },
  "timestamp": "2026-02-10T09:44:59.532019"
}