{
  "hyperparameters": {
    "n_lags": 1,
    "lambda1": 0.05,
    "lambda3": 1.0,
    "lambda_const": 100.0,
    "n_draws": 5000,
    "n_burn": 1000
  },
  "coefficient_means": [
    [
      0.3142882244009564,
      0.7447319091362249,
      0.19549273826239388,
      2.7044059195947194,
      5.998840476452951,
      0.6117350881869124
    ],
    [
      0.9603574470384117,
      0.014569984207166525,
      0.01671625292805204,
      0.011108380801010839,
      -7.173626249746195e-05,
      0.005104107319224486
    ],
    [
      0.00902153602751685,
      0.8951769390795867,
      -0.016908583948771972,
      -0.024868507901556917,
      -0.001964241894318635,
      0.011694333326831102
    ],
    [
      0.010687006253925031,
      -0.030201419804493514,
      0.8889970900036369,
      -0.036683338688795086,
      0.0023664058215674935,
      0.018428679873052547
    ],
    [
      0.00355758672104513,
      -0.02581046693808762,
      -0.01228444618113318,
      0.9276175202461078,
      -0.008939562043743755,
      0.013264456426420193
    ],
    [
      0.0006329551312180778,
      0.0017635580218605708,
      6.665809339005907e-05,
      0.006069678904009273,
      0.9613731103943055,
      0.0012549979595379618
    ],
    [
      0.00881242664677515,
      0.001821557320234817,
      0.002788435804937109,
      0.0013911223515333498,
      0.00013046232776031975,
      1.0034154808672144
    ]
  ],
  "coefficient_stds": [
    [
      0.06167722025356924,
      0.22762683800179598,
      0.11396938896946193,
      0.5623554469810855,
      2.0532637253465205,
      0.08726760498390808
    ],
    [
      0.0023459848810887724,
      0.0011694057489099008,
      0.001844504432907161,
      0.0004597197456387318,
      0.00011381866243938209,
      0.000349377058977837
    ],
    [
      0.0015585113682895673,
      0.012620084764605185,
      0.0014465425493682368,
      0.001333057087093977,
      0.001341149584141767,
      0.0015980952798452727
    ],
    [
      0.0019644201048712633,
      0.0009391783546013559,
      0.012380146735043852,
      0.0005924584336631352,
      0.0007681028564916914,
      0.002415346069266866
    ],
    [
      0.0006671824607977141,
      0.0022388488539505508,
      0.0007925761488810519,
      0.007949549059903542,
      0.0022160944058273956,
      0.0018741325527502181
    ],
    [
      0.00014089784623233094,
      0.0006759592409694254,
      0.0003162903584906354,
      0.0013708957786766106,
      0.01301440201620785,
      0.0002105676837866813
    ],
    [
      0.00039412703928241334,
      0.00017921240807763434,
      0.0002864353622739904,
      7.124408798734875e-05,
      3.7546334633930784e-05,
      0.00013608110504169203
    ]
  ],
  "sigma_mean": [
    [
      410613.4833821558,
      -8452.450914799592,
      -8250.01645159173,
      597.8726699243215,
      -126.56852361543605,
      44707.404556164875
    ],
    [
      -8452.450914799592,
      11190.59115978136,
      4479.8325461020295,
      2914.333151864866,
      0.9261656115634969,
      2424.093181239948
    ],
    [
      -8250.01645159173,
      4479.8325461020295,
      30224.84175842756,
      4720.6600853516975,
      31.897943248560036,
      -827.0211831372271
    ],
    [
      597.8726699243215,
      2914.333151864866,
      4720.6600853516975,
      4230.789935835094,
      -6.259199509406304,
      3027.10722936097
    ],
    [
      -126.56852361543605,
      0.9261656115634969,
      31.897943248560036,
      -6.259199509406304,
      2.841779345078949,
      -566.3772849156265
    ],
    [
      44707.404556164875,
      2424.093181239948,
      -827.0211831372271,
      3027.10722936097,
      -566.3772849156265,
      174019.08176411386
    ]
  ],
  "variable_names": [
    "gross_reserves_usd_m",
    "exports_usd_m",
    "imports_usd_m",
    "remittances_usd_m",
    "usd_lkr",
    "m2_usd_m"
  ],
  "convergence": {
    "converged": true,
    "rhat_max": 1.0003180994115721,
    "rhat_mean": 0.9999422237420065,
    "ess_min": 3518.0304885372834,
    "ess_mean": 4668.875021980176
  },
  "timestamp": "2026-02-10T10:08:40.945765"
}