split,horizon,n_forecasts,mae,rmse,mase,bias,coverage_80,varset
validation,1,36,578.1427307251139,725.2536531001771,1.3986604751315004,-367.50217841087357,0.6666666666666666,bop
validation,3,36,882.7787610789102,1078.7194882648537,2.159376491366931,-698.2177950060749,0.5833333333333334,bop
validation,6,36,1435.4498517733855,1702.8315065536888,3.580242170805314,-1032.9620619317798,0.5,bop
validation,12,36,2533.876447745609,2785.7015017074345,7.384118183477469,-1539.7923941305119,0.4444444444444444,bop
test,1,26,435.29004884754767,511.2825677208872,1.9084972327584515,334.79502595813096,0.8076923076923077,bop
test,3,24,706.9632965696819,830.9266989213264,3.1511929885857914,635.3879789740861,0.75,bop
test,6,21,1118.0654961144708,1231.5509216379492,5.3804884317347,1118.0654961144708,0.7619047619047619,bop
test,12,15,2275.5651642393714,2323.835293628064,10.708541949361747,2275.5651642393714,0.3333333333333333,bop
