split,horizon,n_forecasts,mae,rmse,mase,bias,coverage_80,varset
validation,1,23,713.41977263472,833.8007610279686,1.271570985756469,-509.5532645479536,0.5652173913043478,pca
validation,3,21,1037.613551179344,1176.378858595675,1.7872648937320803,-1023.4746187559011,0.5714285714285714,pca
validation,6,18,1707.0687137917698,1878.0797893326128,2.8159741907508904,-1707.0687137917698,0.3333333333333333,pca
validation,12,12,3405.735137638891,3480.1195412772286,5.228549846155622,-3405.735137638891,0.0,pca
test,1,10,673.7443893717937,809.296510942979,2.888851598068672,673.7443893717937,0.8,pca
test,3,8,1210.2538201000566,1372.7841390741762,7.379596464024735,1210.2538201000566,0.625,pca
test,6,5,1941.3282389106237,2020.4376029969574,9.23342800908739,1941.3282389106237,0.2,pca
