split,horizon,n_forecasts,mae,rmse,mase,bias,coverage_80,varset
validation,1,26,671.8829819471031,798.6366532147172,1.238228231661588,-411.0500007161913,0.5,monetary
validation,3,24,971.4096494804699,1139.0945378162453,1.7409567602455986,-820.8223632946266,0.4583333333333333,monetary
validation,6,21,1685.4970578712496,1907.8719433904444,2.9242357150046803,-1643.544024644009,0.42857142857142855,monetary
validation,12,15,3744.2742376227357,3891.65036729947,6.249886036877261,-3744.2742376227357,0.06666666666666667,monetary
test,1,13,621.8075099746309,904.0136181511976,2.977529975935982,507.79007013929225,0.7692307692307693,monetary
test,3,11,994.5469117611323,1435.9327587312252,6.395800075634291,933.0699218904549,0.7272727272727273,monetary
test,6,8,1570.0636147493528,2050.921321836485,8.806446557087718,1570.0636147493528,0.5,monetary
test,12,2,4263.380541436556,4714.313111985065,203.01812102078839,4263.380541436556,0.0,monetary
