split,horizon,n_forecasts,mae,rmse,mase,bias,coverage_80,varset
validation,1,26,701.6124780656828,820.2769264273709,1.2930173875059867,-450.9377077745009,0.5,full
validation,3,24,1058.4824983573312,1221.4012788395444,1.8970083960998325,-973.8491872280177,0.625,full
validation,6,21,1959.1822948502518,2160.4552062471553,3.3990630906479855,-1959.1822948502518,0.42857142857142855,full
validation,12,15,4177.649256291369,4264.018117390537,6.973269076157041,-4177.649256291369,0.0,full
test,1,13,559.7719715012471,850.4337432268702,2.68047232961491,434.23421526254754,0.8461538461538461,full
test,3,11,864.1220615161802,1291.971700783636,5.5570550579818665,786.1555084041906,0.9090909090909091,full
test,6,8,1328.314493215397,1753.3379347816333,7.450481933099183,1328.314493215397,0.875,full
test,12,2,3229.9489182530697,3669.1638018315543,153.80709134538426,3229.9489182530697,0.5,full
