{
  "hyperparameters": {
    "n_lags": 4,
    "lambda1": 0.1,
    "lambda3": 1.0,
    "lambda_const": 100.0,
    "n_draws": 5000,
    "n_burn": 1000
  },
  "coefficient_means": [
    [
      1.6665033193989802,
      6.9769861106507145,
      1.7479618389752323
    ],
    [
      0.8843662259282455,
      -0.00030681238975087524,
      0.04218989113566559
    ],
    [
      0.015459772498200311,
      0.9962301209365565,
      0.018087766012561127
    ],
    [
      0.04870406704669035,
      -0.0013852787549073343,
      1.1355261287384282
    ],
    [
      0.0873428075820216,
      0.00020979258856250184,
      -0.007198035930528525
    ],
    [
      0.003961188934261536,
      -0.04072832310762004,
      0.005054090100208611
    ],
    [
      -0.014558561655034583,
      0.0012023133475779493,
      -0.06920440014835395
    ],
    [
      0.0022725135669296194,
      0.00023040461089799335,
      -0.020039824415377522
    ],
    [
      0.0018002287373885977,
      -0.015245565973366399,
      0.002318082169289913
    ],
    [
      -0.016200969260619466,
      1.1302623610395603e-05,
      -0.039145896786046054
    ],
    [
      0.008733568049232155,
      -0.00032599613035640303,
      0.005817530951058631
    ],
    [
      0.0010125705187428121,
      -0.015070334035778649,
      0.0013096904226141078
    ],
    [
      -0.013460852959303032,
      0.00038770023158716415,
      -0.027218666571659823
    ]
  ],
  "coefficient_stds": [
    [
      0.1802525919907179,
      1.2531314962803175,
      0.16702806984280935
    ],
    [
      0.008212995155790732,
      0.00018080535547706372,
      0.0004425318224561745
    ],
    [
      0.0017182110904930801,
      0.04118551617370684,
      0.0019107708004368453
    ],
    [
      0.003938163163339885,
      0.00030393913911695236,
      0.00801926440799683
    ],
    [
      0.007564750848557461,
      0.0002119199071028939,
      0.0004367134460810101
    ],
    [
      0.0004475450795609911,
      0.03461073722470239,
      0.0005409910479090738
    ],
    [
      0.0013802349946579514,
      0.0004716040157732452,
      0.005015098370126985
    ],
    [
      9.958413880323018e-05,
      0.0002092237624308999,
      0.0014181771057147614
    ],
    [
      0.00020920717514361526,
      0.02428193041372767,
      0.00025460908542001035
    ],
    [
      0.001410666424882706,
      0.0004741600058248182,
      0.0018249931183602667
    ],
    [
      0.0006170178958550271,
      0.00018007560605569104,
      0.0010123333331921243
    ],
    [
      0.00012196793015963762,
      0.018829678475154914,
      0.00015440701759373567
    ],
    [
      0.001195181870056355,
      0.00030780871315442225,
      0.0011922296094575761
    ]
  ],
  "sigma_mean": [
    [
      215944.46698404755,
      -50.61440834682947,
      24425.674767782908
    ],
    [
      -50.61440834682947,
      1.618343188067514,
      -275.3179881982105
    ],
    [
      24425.674767782908,
      -275.3179881982105,
      91419.02849567485
    ]
  ],
  "variable_names": [
    "gross_reserves_usd_m",
    "usd_lkr",
    "m2_usd_m"
  ],
  "convergence": {
    "converged": true,
    "rhat_max": 1.000719758403516,
    "rhat_mean": 0.999925648447673,
    "ess_min": 4080.849542052466,
    "ess_mean": 4652.834368057965
  },
  "timestamp": "2026-02-10T09:51:51.723257"
}