{
  "hyperparameters": {
    "n_lags": 4,
    "lambda1": 0.5,
    "lambda3": 1.0,
    "lambda_const": 100.0,
    "n_draws": 5000,
    "n_burn": 1000
  },
  "coefficient_means": [
    [
      0.38489440000449465,
      -0.403838718055984,
      0.03569377417658682,
      0.21084338873941957
    ],
    [
      0.6875632757123954,
      9.351058113712536e-05,
      -2.966220286945272e-05,
      1.7006343201694805e-05
    ],
    [
      -0.001513589888235664,
      0.48987458841321807,
      0.04132674449915569,
      -0.23298059458726084
    ],
    [
      0.002475653892328731,
      0.0718820785948444,
      0.2969856801432693,
      0.006044218144784425
    ],
    [
      0.001820284879093261,
      -0.005910335786310361,
      -0.13628645411613563,
      0.397111191426301
    ],
    [
      0.30139197626085956,
      -7.601801497481696e-05,
      8.847821507587995e-05,
      -9.40120959155985e-05
    ],
    [
      -0.0007245291960542806,
      0.23460584191232933,
      -0.03518904249338478,
      0.033090590471240904
    ],
    [
      -0.0004245125990428897,
      -0.08614220792523214,
      0.18391408785390992,
      -0.12415483272474655
    ],
    [
      -0.0005201690641118313,
      -0.01367249136529962,
      -0.039234333622294004,
      0.009460711950529175
    ],
    [
      -0.03339796694819544,
      0.0001640276233444952,
      -1.054712651062793e-05,
      0.0002163831261554904
    ],
    [
      0.0004420815823338101,
      0.14955509025007369,
      0.011059058188005037,
      0.10986380135639093
    ],
    [
      1.4825551552053446e-05,
      0.034861307194314364,
      0.0856274518472285,
      0.06034741875799044
    ],
    [
      0.0004978103804901607,
      -0.03126891614489525,
      0.04839725090218185,
      -0.05205904227510812
    ],
    [
      0.04357469563954723,
      -0.00011043465893417603,
      -4.6807094471940505e-05,
      -0.00016421181460884605
    ],
    [
      0.00014217535082566127,
      0.04916181000351042,
      0.009361051036164157,
      0.03309208387288358
    ],
    [
      7.769388224332389e-05,
      0.1133178467824009,
      -0.05999523717356287,
      0.027518285398252625
    ],
    [
      0.00012690325118253578,
      -0.03147923882895992,
      -0.025316011690539025,
      0.04015435788743023
    ]
  ],
  "coefficient_stds": [
    [
      0.060487553858920934,
      0.8782245068233049,
      0.8682407468379082,
      0.8705870377735933
    ],
    [
      0.0070961368475892204,
      0.0001921036069806539,
      0.00019128631055658198,
      0.00018969661787937255
    ],
    [
      0.000812612457244935,
      0.12984488909714048,
      0.11919797317933022,
      0.12287924706411127
    ],
    [
      0.0008765311911520584,
      0.10011517644343094,
      0.09599867936041455,
      0.09740742368036277
    ],
    [
      0.0008366535503436445,
      0.12038246542733011,
      0.11581075676175195,
      0.11807759122744477
    ],
    [
      0.01066827950700978,
      0.00021643428168372324,
      0.00021997365785470416,
      0.00021806395990929924
    ],
    [
      0.00040082833636545203,
      0.12421355412164437,
      0.11063477153429496,
      0.11814153937255036
    ],
    [
      0.0003987799662089911,
      0.08924596176961298,
      0.08568621924072824,
      0.08847558486098163
    ],
    [
      0.00039790217368105755,
      0.10851486426265905,
      0.10350351112009044,
      0.11032487491927001
    ],
    [
      0.004947551949981133,
      0.00021424441245046708,
      0.0002166930790048543,
      0.0002171435103094655
    ],
    [
      0.00026978540974042245,
      0.1067398493546355,
      0.09362495946620031,
      0.10373996541101596
    ],
    [
      0.00025843593695624,
      0.08376416788667185,
      0.07716296563107619,
      0.08282599081902842
    ],
    [
      0.00026784768137607713,
      0.09636206481797036,
      0.08583265173135976,
      0.09401551443723961
    ],
    [
      0.0013771935209339866,
      0.0001878604678094786,
      0.00018868056149067816,
      0.00018942008210317207
    ],
    [
      0.0001986797713150036,
      0.09299685810905671,
      0.08007063337929075,
      0.08802753181019289
    ],
    [
      0.00019483708099037132,
      0.07713271084527554,
      0.0669427672097872,
      0.07396089840401229
    ],
    [
      0.00019574680798904127,
      0.08358706068209197,
      0.07304392639648433,
      0.08273479480541182
    ]
  ],
  "sigma_mean": [
    [
      421523.39988637983,
      -71.9321587043587,
      -13.584090452664535,
      43.05134134195792
    ],
    [
      -71.9321587043587,
      1.0047847068776778,
      -0.3522432908167843,
      0.21883224220021716
    ],
    [
      -13.584090452664535,
      -0.3522432908167843,
      1.6265211016634813,
      0.17217527922177753
    ],
    [
      43.05134134195792,
      0.21883224220021716,
      0.17217527922177753,
      1.1027980226870293
    ]
  ],
  "variable_names": [
    "gross_reserves_usd_m",
    "PC1",
    "PC2",
    "PC3"
  ],
  "convergence": {
    "converged": true,
    "rhat_max": 1.0013805496073238,
    "rhat_mean": 1.000017039712806,
    "ess_min": 3985.4175273805863,
    "ess_mean": 4814.450783344554
  },
  "timestamp": "2026-02-10T09:58:20.318449"
}