{
  "hyperparameters": {
    "n_lags": 2,
    "lambda1": 0.05,
    "lambda3": 1.0,
    "lambda_const": 100.0,
    "n_draws": 5000,
    "n_burn": 1000
  },
  "coefficient_means": [
    [
      1.3574860140916898,
      -0.8374374164614002,
      -0.7291476482549821
    ],
    [
      0.9752379428707197,
      -0.014683178690396934,
      -0.00037148723452814456
    ],
    [
      -0.000798971174492883,
      0.8537752441993091,
      -0.00133695867917545
    ],
    [
      0.003979671373892969,
      -0.001650944568061475,
      1.0325910929861009
    ],
    [
      0.025535838771276808,
      0.0001436388498718439,
      0.00030137314826478697
    ],
    [
      -0.002718269989540006,
      0.0025435150230302714,
      -0.0005687323938132615
    ],
    [
      0.001017571028319008,
      -0.000519029270169294,
      -0.02924788754816754
    ]
  ],
  "coefficient_stds": [
    [
      0.15643026398525547,
      0.1592146004332688,
      0.507139026852993
    ],
    [
      0.002774626638238662,
      0.0007117224977302311,
      0.00016607246873006487
    ],
    [
      9.827679338745142e-05,
      0.011262420215206155,
      0.0005251393432045549
    ],
    [
      0.00046270878390460517,
      0.0004884120020142485,
      0.015800179327934663
    ],
    [
      0.002728415838576418,
      0.0002879494610488288,
      0.0001674482694713866
    ],
    [
      0.0002956306746478845,
      0.001069933169069766,
      0.0005186732135089863
    ],
    [
      0.00012763401227048251,
      0.00018497951690320906,
      0.015508397274910513
    ]
  ],
  "sigma_mean": [
    [
      254906.953075133,
      -605.0500422807258,
      -99.33100587731572
    ],
    [
      -605.0500422807258,
      27175.000765456603,
      -6.928649535633963
    ],
    [
      -99.33100587731572,
      -6.928649535633963,
      2.104867223085422
    ]
  ],
  "variable_names": [
    "gross_reserves_usd_m",
    "trade_balance_usd_m",
    "usd_lkr"
  ],
  "convergence": {
    "converged": true,
    "rhat_max": 1.0002682745595146,
    "rhat_mean": 0.9998854735497107,
    "ess_min": 4248.697136489583,
    "ess_mean": 4624.360952568074
  },
  "timestamp": "2026-02-10T09:38:03.460702"
}