Model,Mean_CRPS,Mean_LogScore,Coverage_90,Coverage_95,PIT_Chi2_pvalue
ARIMA,880.1567855681628,10.248740068514895,0.2962962962962963,0.3333333333333333,0.0
BVAR,964.4929877961988,10.588542519917464,0.2962962962962963,0.37037037037037035,0.0
LocalLevelSV,1008.8341023389435,10.949059807695802,0.2962962962962963,0.3333333333333333,0.0
MS-VAR,191.16597341486653,7.374133213024556,1.0,1.0,0.00011510323197139183
MS-VECM,194.47996340833527,7.384299419733482,0.9629629629629629,1.0,0.004730571837648023
Naive,945.020378568823,10.377929218444752,0.2962962962962963,0.37037037037037035,0.0
VECM,1168.1354838536727,12.905066956064793,0.2222222222222222,0.2222222222222222,0.0
XGBoost,799.7205006821242,2032534.5738526355,0.0,0.0,0.0
