{
  "weights": {
    "ARIMA": 0.08333333333333333,
    "BVAR": 0.08333333333333333,
    "BoPIdentity": 0.08333333333333333,
    "DMA": 0.08333333333333333,
    "DMS": 0.08333333333333333,
    "LSTM": 0.08333333333333333,
    "LocalLevelSV": 0.08333333333333333,
    "MS-VAR": 0.08333333333333333,
    "MS-VECM": 0.08333333333333333,
    "Naive": 0.08333333333333333,
    "VECM": 0.08333333333333333,
    "XGBoost": 0.08333333333333333
  },
  "mse": 630393.3492644363,
  "r_squared": 0.6640758623539889,
  "n_obs": 27,
  "constrained": true
}