{
  "timestamp": "2026-02-10 07:33:37.194596",
  "varset": "baseline",
  "missing_strategy": {
    "method": "ffill_limit",
    "limit": 3,
    "drop_remaining": true
  },
  "arima": {
    "order": [
      2,
      1,
      2
    ],
    "aic": 1963.723240834102,
    "metrics_validation": {
      "mae": 1463.4609023285386,
      "rmse": 1882.721261199918,
      "mape": 50.884847887645726,
      "smape": 37.007224609901584,
      "mase": 4.307441351619893
    },
    "metrics_test": {
      "mae": 2051.7759755065285,
      "rmse": 2287.896593418308,
      "mape": 37.76859352207764,
      "smape": 47.98712176353709,
      "mase": 6.039043931474301
    }
  },
  "vecm": {
    "coint_rank": 1,
    "k_ar_diff": 11,
    "metrics_validation": {
      "mae": 3756.3895507284988,
      "rmse": 4339.358833911222,
      "mape": 159.99191309265575,
      "smape": 71.54065812683636,
      "mase": 11.056276022035055
    },
    "metrics_test": {
      "mae": 3077.4239725062153,
      "rmse": 3326.5388217354084,
      "mape": 77.73946789596633,
      "smape": 49.829801967093054,
      "mase": 9.057859526378913
    }
  },
  "ms_var": {
    "regime_model": "ms_var",
    "train_rows": 155,
    "metrics_validation": {
      "mae": 4127.833134426222,
      "rmse": 4728.51453131365,
      "mape": 174.22494034364294,
      "smape": 75.0487822597084,
      "mase": 12.14955528195086
    },
    "metrics_test": {
      "mae": 3631.424210783553,
      "rmse": 3843.6224030613744,
      "mape": 89.94501051603156,
      "smape": 55.84035246589077,
      "mase": 10.68846238796965
    }
  },
  "ms_vecm": {
    "regime_model": "ms_vecm",
    "train_rows": 131,
    "metrics_validation": {
      "mae": 3860.8606521797306,
      "rmse": 4480.901558368075,
      "mape": 164.40880715455887,
      "smape": 72.47071325524925,
      "mase": 11.363768447506965
    },
    "metrics_test": {
      "mae": 3601.040242442646,
      "rmse": 3750.45658302845,
      "mape": 87.61457142379425,
      "smape": 55.65207176521194,
      "mase": 10.599032488305307
    }
  },
  "naive": {
    "metrics_validation": {
      "mae": 3586.275051578549,
      "rmse": 4173.622539503417,
      "mape": 153.55312044573077,
      "smape": 69.82757678598044,
      "mase": 10.555573729966511
    },
    "metrics_test": {
      "mae": 2597.1707785297167,
      "rmse": 2942.1724783490904,
      "mape": 68.1367453662354,
      "smape": 44.08565259938953,
      "mase": 7.644318198632873
    }
  }
}