Model,Mean_CRPS,Mean_LogScore,Coverage_90,Coverage_95,PIT_Chi2_pvalue
ARIMA,1708.2158193033467,13.995831556148712,0.15384615384615385,0.15384615384615385,
LocalLevelSV,1474.719047628911,12.109592671462536,0.15384615384615385,0.23076923076923078,
MS-VAR,650.6037415499142,10.223473110631925,0.9230769230769231,0.9230769230769231,
Naive,866.8996023378052,9.307451296576396,0.38461538461538464,0.5384615384615384,
VECM,4753.990196681677,48.76460748792416,0.07692307692307693,0.07692307692307693,
XGBoost,289.90711160014985,4346.419414805135,0.07692307692307693,0.07692307692307693,
