,ARIMA,BoPIdentity,LSTM,LocalLevelSV,MS-VAR,Naive,VECM,XGBoost
ARIMA,,4.9840855262051065e-05,0.0004614985779918257,0.0016716133244305542,0.41615670836592944,6.594237143597859e-05,1.3367907159000936e-07,0.0002595717576845402
BoPIdentity,4.9840855262051065e-05,,0.01935169828432226,6.941416369921072e-06,0.7279035446341662,0.5718074536179265,2.478656904170151e-07,0.004574718075881279
LSTM,0.0004614985779918257,0.01935169828432226,,0.0003589856384667023,0.40924801528148746,0.010566702090017088,6.541080508348784e-07,0.03797559511444537
LocalLevelSV,0.0016716133244305542,6.941416369921072e-06,0.0003589856384667023,,0.6459078810979113,7.852356806781202e-06,1.95488206511385e-07,0.00016008804681710842
MS-VAR,0.41615670836592944,0.7279035446341662,0.40924801528148746,0.6459078810979113,,0.743007404675966,4.676519122548406e-05,0.312724098531203
Naive,6.594237143597859e-05,0.5718074536179265,0.010566702090017088,7.852356806781202e-06,0.743007404675966,,2.554342468652493e-07,0.002349628208648591
VECM,1.3367907159000936e-07,2.478656904170151e-07,6.541080508348784e-07,1.95488206511385e-07,4.676519122548406e-05,2.554342468652493e-07,,4.853197368426265e-07
XGBoost,0.0002595717576845402,0.004574718075881279,0.03797559511444537,0.00016008804681710842,0.312724098531203,0.002349628208648591,4.853197368426265e-07,
