,ARIMA,BoPIdentity,LSTM,LocalLevelSV,MS-VAR,Naive,VECM,XGBoost
ARIMA,,6.144972666044102,4.763324012076203,4.029194774016903,0.8421797510767249,5.9616483182796856,-10.94649260874056,5.105155892593979
BoPIdentity,-6.144972666044102,,2.698816271910518,-7.530858687149819,-0.35616055043055794,-0.5812819993131485,-10.345310099297066,3.4766275346991096
LSTM,-4.763324012076203,-2.698816271910518,,-4.911377310844612,-0.8550926138907202,-3.0248775023989456,-9.454730325766658,2.3313743884328053
LocalLevelSV,-4.029194774016903,7.530858687149819,4.911377310844612,,0.4712588647191365,7.438847526103467,-10.573145240012016,5.3999819331318895
MS-VAR,-0.8421797510767249,0.35616055043055794,0.8550926138907202,-0.4712588647191365,,0.33554516759057457,-6.187114207701833,1.0538158927472128
Naive,-5.9616483182796856,0.5812819993131485,3.0248775023989456,-7.438847526103467,-0.33554516759057457,,-10.31673059444768,3.840664913859212
VECM,10.94649260874056,10.345310099297066,9.454730325766658,10.573145240012016,6.187114207701833,10.31673059444768,,9.721875914865342
XGBoost,-5.105155892593979,-3.4766275346991096,-2.3313743884328053,-5.3999819331318895,-1.0538158927472128,-3.840664913859212,-9.721875914865342,
