{
  "weights": {
    "ARIMA": 0.12500000361261043,
    "BoPIdentity": 0.1249999994839128,
    "LSTM": 0.1249999994839128,
    "LocalLevelSV": 0.12500000361261043,
    "MS-VAR": 0.1249999994839128,
    "Naive": 0.1249999994839128,
    "VECM": 0.12500000361261043,
    "XGBoost": 0.1249999994839128
  },
  "mse": 2438190.39551017,
  "r_squared": -7.307656443273158,
  "n_obs": 13,
  "constrained": true
}