method,mae,rmse,mape,smape,relative_value_pct,efficiency,vs_best_model,best_individual_rmse,best_individual_mae
equal,3297.451102201119,3777.666478569714,137.6278523656635,67.22790742954949,-100.64927062873272,0.07033169386722948,ARIMA,1882.7212611999182,1463.4609023285386
mse,2296.896694699747,2651.384501734811,89.45307463704697,53.71752511691562,-40.827245985685586,0.6228904950579653,ARIMA,1882.7212611999182,1463.4609023285386
gr_none,478.11584925659866,635.1712505971007,15.776621665998192,15.262913279673082,66.26312860607491,1.6120534222001768,ARIMA,1882.7212611999182,1463.4609023285386
gr_sum,540.0163182631545,695.4035216393175,17.319324843533163,16.36380221298344,63.06391519708474,1.5825032099401777,ARIMA,1882.7212611999182,1463.4609023285386
gr_convex,3297.4511022011193,3777.6664785697144,137.62785236566353,67.22790742954949,-100.64927062873275,0.07033169386722926,ARIMA,1882.7212611999182,1463.4609023285386
trimmed,3718.73482762584,4328.644344914891,159.11173534057906,71.08669370187147,-129.91424350071387,-0.19998042651836379,ARIMA,1882.7212611999182,1463.4609023285386
median,3721.0635374480034,4332.2005006102645,159.36574168226093,71.08677398503042,-130.10312731313263,-0.2017250918582152,ARIMA,1882.7212611999182,1463.4609023285386
