method,mae,rmse,mape,smape,relative_value_pct,efficiency,vs_best_model,best_individual_rmse,best_individual_mae
equal,2171.470880470596,2473.5060745753167,57.148816531961614,38.8857507777954,-8.112669151698537,0.8030126857123532,ARIMA,2287.896593418308,2051.7759755065285
mse,958.9086117757882,1109.5224414738898,24.760170673257917,20.977668323801055,51.50469454495009,2.2506083092875944,ARIMA,2287.896593418308,2051.7759755065285
gr_none,7532.00331494315,8222.130276941292,140.85989796592114,191.9225771461748,-259.3750827985082,-5.298001311062557,ARIMA,2287.896593418308,2051.7759755065285
gr_sum,6219.592201968609,6911.913111557546,114.50336151957566,175.3070414727348,-202.107758341935,-3.9074680315465606,ARIMA,2287.896593418308,2051.7759755065285
gr_convex,2171.470880470597,2473.506074575317,57.14881653196164,38.885750777795415,-8.112669151698556,0.8030126857123527,ARIMA,2287.896593418308,2051.7759755065285
trimmed,3060.639059338655,3307.760353232153,77.3303361409872,49.64749684656945,-44.57647966904326,-0.08238125408630248,ARIMA,2287.896593418308,2051.7759755065285
median,3077.4239725062153,3326.5388217354084,77.73946789596634,49.829801967093054,-45.39725402384916,-0.10231083986948941,ARIMA,2287.896593418308,2051.7759755065285
