mae,rmse,mape,smape,mase,model
1463.4609023285386,1882.7212611999182,50.884847887645726,37.007224609901584,,ARIMA
3756.3895507284988,4339.358833911222,159.99191309265578,71.54065812683636,,VECM
4127.833134426222,4728.51453131365,174.22494034364294,75.0487822597084,,MS_VAR
3860.8606521797306,4480.901558368075,164.40880715455884,72.47071325524925,,MS_VECM
3586.275051578549,4173.622539503417,153.5531204457307,69.82757678598044,,Naive
