mae,rmse,mape,smape,mase,model
2051.7759755065285,2287.896593418308,37.76859352207763,47.98712176353709,,ARIMA
3077.4239725062153,3326.5388217354084,77.73946789596634,49.829801967093054,,VECM
3631.424210783553,3843.6224030613744,89.94501051603157,55.84035246589077,,MS_VAR
3601.0402424426456,3750.45658302845,87.61457142379425,55.65207176521194,,MS_VECM
2597.1707785297167,2942.1724783490904,68.1367453662354,44.08565259938953,,Naive
