{
  "timestamp": "2026-02-10 07:33:54.610147",
  "varset": "expanded",
  "missing_strategy": {
    "method": "ffill_limit",
    "limit": 3,
    "drop_remaining": true
  },
  "arima": {
    "order": [
      0,
      1,
      2
    ],
    "aic": 1446.608898706945,
    "metrics_validation": {
      "mae": 3786.914745551088,
      "rmse": 4323.5699294223205,
      "mape": 121.26406098097648,
      "smape": 62.08515515844828,
      "mase": 9.068628917425833
    },
    "metrics_test": {
      "mae": 565.1958139771062,
      "rmse": 622.8472861483854,
      "mape": 10.362925562584016,
      "smape": 9.715741326776287,
      "mase": 1.353489964003646
    }
  },
  "vecm": {
    "coint_rank": 1,
    "k_ar_diff": 11,
    "metrics_validation": {
      "mae": 1.2667195156899402e+39,
      "rmse": 6.36000750402549e+39,
      "mape": 6.568877035629477e+37,
      "smape": 193.18306350911922,
      "mase": 3.728367470634251e+36
    },
    "metrics_test": {
      "mae": 4.919653532604199e+63,
      "rmse": 2.082890177060424e+64,
      "mape": 8.089554472997477e+61,
      "smape": 200.0,
      "mase": 1.4480140213014674e+61
    }
  },
  "ms_var": {
    "regime_model": "ms_var",
    "train_rows": 155,
    "metrics_validation": {
      "mae": 3011.760866796865,
      "rmse": 3670.983372172883,
      "mape": 103.24094164997643,
      "smape": 53.72015368743476,
      "mase": 7.212346599852199
    },
    "metrics_test": {
      "mae": 2501.055892371774,
      "rmse": 2562.377343771486,
      "mape": 45.48666474601081,
      "smape": 36.38136940706707,
      "mase": 5.989347348341291
    }
  },
  "ms_vecm": {
    "regime_model": "ms_vecm",
    "train_rows": 131,
    "metrics_validation": {
      "mae": 3547.7061962779703,
      "rmse": 4235.566428218975,
      "mape": 119.51324313714909,
      "smape": 59.15446358326372,
      "mase": 8.495789623966115
    },
    "metrics_test": {
      "mae": 3562.185201645332,
      "rmse": 3593.0416397959234,
      "mape": 64.08240235237722,
      "smape": 47.95002562069352,
      "mase": 8.530462896430008
    }
  },
  "naive": {
    "metrics_validation": {
      "mae": 2837.0135129651967,
      "rmse": 3446.554618069245,
      "mape": 97.02153745213315,
      "smape": 51.94433531127856,
      "mase": 6.793874304413476
    },
    "metrics_test": {
      "mae": 1919.5263340852719,
      "rmse": 2020.8219770188568,
      "mape": 35.347678245131554,
      "smape": 29.254497668303646,
      "mase": 4.5967425175062635
    }
  }
}