Model,Mean_CRPS,Mean_LogScore,Coverage_90,Coverage_95,PIT_Chi2_pvalue
ARIMA,945.0027968360758,10.05211212010395,0.2,0.4,
BVAR,1046.8410368235216,10.03023129228463,0.2,0.4,
LocalLevelSV,1217.0840671365104,10.92059311807852,0.2,0.2,
MS-VAR,427.075783196325,8.039588826236356,0.9,0.9,
MS-VECM,262.6033251339344,7.621844167748813,1.0,1.0,
Naive,875.8589050945764,9.428262340891125,0.4,0.6,
VECM,1055.9034510606787,10.288327074407068,0.2,0.4,
XGBoost,466.38864873361,10297.852907119146,0.1,0.1,
