Model,Mean_CRPS,Mean_LogScore,Coverage_90,Coverage_95,PIT_Chi2_pvalue
BVAR_parsimonious,934.3335392461644,9.088461902112213,0.8333333333333334,0.8333333333333334,
BVAR_bop,1067.131971019054,9.265397811972393,0.8333333333333334,0.8333333333333334,
BVAR_monetary,1251.480214604391,9.774028669277543,0.25,0.8333333333333334,
BVAR_pca,857.3794818271041,8.834587506795067,0.8333333333333334,0.9166666666666666,
BVAR_full,1163.6629291678,9.16869191222048,0.8333333333333334,0.9166666666666666,
