{
  "weights": {
    "Naive": 0.09090909090909091,
    "ARIMA": 0.09090909090909091,
    "VECM": 0.09090909090909091,
    "MS-VAR": 0.09090909090909091,
    "MS-VECM": 0.09090909090909091,
    "BVAR": 0.09090909090909091,
    "DMA": 0.09090909090909091,
    "DMS": 0.09090909090909091,
    "EqualWeight": 0.09090909090909091,
    "MSE-Weight": 0.09090909090909091,
    "GR-Convex": 0.09090909090909091
  },
  "mse": 824668.5961844797,
  "r_squared": -0.1117645979395514,
  "n_obs": 27,
  "constrained": true
}